{"cameraMode":{"drawMode":0,"name":"Shaded","section":"Shading Mode"},"sceneLighting":false,"audioPlay":false,"sceneViewState":{"showFog":true,"showMaterialUpdate":true,"showSkybox":false,"showFlares":true,"showImageEffects":true,"showParticleSystems":true},"in2DMode":false,"pivot":{"x":-0.0077239274978637699,"y":2.6253104209899904,"z":0.025510013103485109},"rotation":{"x":0.1996542513370514,"y":0.1660579890012741,"z":-0.03435380384325981,"w":0.9650817513465881},"size":3.9203641414642336,"orthographic":false}