{"cameraMode":{"drawMode":0,"name":"Shaded","section":"Shading Mode"},"sceneLighting":false,"audioPlay":false,"sceneViewState":{"showFog":true,"showMaterialUpdate":true,"showSkybox":false,"showFlares":true,"showImageEffects":true,"showParticleSystems":true},"in2DMode":false,"pivot":{"x":-0.7233009338378906,"y":4.628088474273682,"z":0.22369050979614259},"rotation":{"x":0.10403397679328919,"y":0.5956091284751892,"z":-0.07817145437002182,"w":0.7926638722419739},"size":14.451773643493653,"orthographic":true}