{"cameraMode":{"drawMode":0,"name":"Shaded","section":"Shading Mode"},"sceneLighting":false,"audioPlay":false,"sceneViewState":{"showFog":true,"showMaterialUpdate":true,"showSkybox":false,"showFlares":true,"showImageEffects":true,"showParticleSystems":true},"in2DMode":false,"pivot":{"x":4.341025352478027,"y":4.220539093017578,"z":-0.7500543594360352},"rotation":{"x":0.2891997992992401,"y":0.2945977449417114,"z":-0.09404326230287552,"w":0.9059423804283142},"size":42.118568420410159,"orthographic":true}