{"cameraMode":{"drawMode":0,"name":"Shaded","section":"Shading Mode"},"sceneLighting":false,"audioPlay":false,"sceneViewState":{"showFog":true,"showMaterialUpdate":true,"showSkybox":false,"showFlares":true,"showImageEffects":true,"showParticleSystems":true},"in2DMode":false,"pivot":{"x":-0.0654296875,"y":0.38425320386886599,"z":0.16599510610103608},"rotation":{"x":-0.023984605446457864,"y":-0.9104231595993042,"z":0.05332062393426895,"w":-0.4095258414745331},"size":2.446812629699707,"orthographic":true}