{"cameraMode":{"drawMode":0,"name":"Shaded","section":"Shading Mode"},"sceneLighting":false,"audioPlay":false,"sceneViewState":{"showFog":true,"showMaterialUpdate":true,"showSkybox":false,"showFlares":true,"showImageEffects":true,"showParticleSystems":true},"in2DMode":false,"pivot":{"x":-24.289649963378908,"y":-22.99169921875,"z":3.5955705642700197},"rotation":{"x":-0.2613886594772339,"y":0.4268854856491089,"z":-0.13032370805740357,"w":-0.8558390736579895},"size":167.51499938964845,"orthographic":false}