{"cameraMode":{"drawMode":0,"name":"Shaded","section":"Shading Mode"},"sceneLighting":false,"audioPlay":false,"sceneViewState":{"showFog":true,"showMaterialUpdate":true,"showSkybox":false,"showFlares":true,"showImageEffects":true,"showParticleSystems":true},"in2DMode":false,"pivot":{"x":0.23823988437652589,"y":0.1757199764251709,"z":0.7789791822433472},"rotation":{"x":-0.05757120996713638,"y":0.9402307271957398,"z":-0.20187832415103913,"w":-0.2681361138820648},"size":5.178986549377441,"orthographic":false}