{"cameraMode":{"drawMode":0,"name":"Shaded","section":"Shading Mode"},"sceneLighting":false,"audioPlay":false,"sceneViewState":{"showFog":true,"showMaterialUpdate":true,"showSkybox":false,"showFlares":true,"showImageEffects":true,"showParticleSystems":true},"in2DMode":false,"pivot":{"x":-27.902080535888673,"y":1.551919937133789,"z":-32.35234451293945},"rotation":{"x":0.06481786072254181,"y":-0.8973313570022583,"z":0.1405496895313263,"w":0.41332897543907168},"size":10.985821723937989,"orthographic":false}