{"cameraMode":{"drawMode":0,"name":"Shaded","section":"Shading Mode"},"sceneLighting":false,"audioPlay":false,"sceneViewState":{"showFog":true,"showMaterialUpdate":true,"showSkybox":false,"showFlares":true,"showImageEffects":true,"showParticleSystems":true},"in2DMode":false,"pivot":{"x":0.12760686874389649,"y":0.4133274257183075,"z":0.2901389002799988},"rotation":{"x":-0.011204912327229977,"y":0.9745699167251587,"z":-0.0500488206744194,"w":-0.21813546121120454},"size":0.780775249004364,"orthographic":false}