{"cameraMode":{"drawMode":0,"name":"Shaded","section":"Shading Mode"},"sceneLighting":true,"audioPlay":false,"sceneViewState":{"showFog":true,"showMaterialUpdate":true,"showSkybox":true,"showFlares":true,"showImageEffects":true,"showParticleSystems":true},"in2DMode":false,"pivot":{"x":-1.5012013912200928,"y":-1.7662534713745118,"z":8.23216724395752},"rotation":{"x":0.13175712525844575,"y":-0.8443549275398254,"z":0.4594220221042633,"w":0.24214939773082734},"size":18.511869430541993,"orthographic":false}