{"cameraMode":{"drawMode":0,"name":"Shaded","section":"Shading Mode"},"sceneLighting":false,"audioPlay":false,"sceneViewState":{"showFog":true,"showMaterialUpdate":true,"showSkybox":false,"showFlares":true,"showImageEffects":true,"showParticleSystems":true},"in2DMode":false,"pivot":{"x":-0.010953590273857117,"y":0.44236433506011965,"z":0.003759622573852539},"rotation":{"x":0.06236962974071503,"y":-0.8580270409584045,"z":-0.10738006234169007,"w":-0.4983665347099304},"size":0.889133632183075,"orthographic":false}