{"cameraMode":{"drawMode":0,"name":"Shaded","section":"Shading Mode"},"sceneLighting":false,"audioPlay":false,"sceneViewState":{"showFog":true,"showMaterialUpdate":true,"showSkybox":false,"showFlares":true,"showImageEffects":true,"showParticleSystems":true},"in2DMode":false,"pivot":{"x":-1.5630911588668824,"y":3.8122594356536867,"z":-1.2993409633636475},"rotation":{"x":-0.0881827175617218,"y":0.8720675706863403,"z":0.17088308930397035,"w":0.4500232934951782},"size":8.725011825561524,"orthographic":false}