{"cameraMode":{"drawMode":0,"name":"Shaded","section":"Shading Mode"},"sceneLighting":false,"audioPlay":false,"sceneViewState":{"showFog":true,"showMaterialUpdate":true,"showSkybox":false,"showFlares":true,"showImageEffects":true,"showParticleSystems":true},"in2DMode":false,"pivot":{"x":303.0593566894531,"y":201.07505798339845,"z":2.148193359375},"rotation":{"x":0.018309222534298898,"y":-0.0045038629323244099,"z":0.0000825670431368053,"w":0.999822199344635},"size":597.2447509765625,"orthographic":false}