{"cameraMode":{"drawMode":0,"name":"Shaded","section":"Shading Mode"},"sceneLighting":false,"audioPlay":false,"sceneViewState":{"showFog":true,"showMaterialUpdate":true,"showSkybox":false,"showFlares":true,"showImageEffects":true,"showParticleSystems":true},"in2DMode":false,"pivot":{"x":-0.0024651288986206056,"y":0.36941951513290408,"z":3.1500000953674318},"rotation":{"x":-0.11483979225158692,"y":0.7710509896278381,"z":-0.14533932507038117,"w":-0.6092361807823181},"size":5.8807759284973148,"orthographic":false}