{"cameraMode":{"drawMode":0,"name":"Shaded","section":"Shading Mode"},"sceneLighting":false,"audioPlay":false,"sceneViewState":{"showFog":true,"showMaterialUpdate":true,"showSkybox":false,"showFlares":true,"showImageEffects":true,"showParticleSystems":true},"in2DMode":false,"pivot":{"x":-18.445785522460939,"y":-15.386791229248047,"z":-0.20040130615234376},"rotation":{"x":0.22681285440921784,"y":-0.6973481774330139,"z":0.25010019540786745,"w":0.6322273015975952},"size":29.67350959777832,"orthographic":false}