{"cameraMode":{"drawMode":0,"name":"Shaded","section":"Shading Mode"},"sceneLighting":false,"audioPlay":false,"sceneViewState":{"showFog":true,"showMaterialUpdate":true,"showSkybox":false,"showFlares":true,"showImageEffects":true,"showParticleSystems":true},"in2DMode":false,"pivot":{"x":311.5,"y":239.70001220703126,"z":-0.2236538678407669},"rotation":{"x":-0.1910616010427475,"y":0.02561388537287712,"z":-0.0049866014160215858,"w":-0.9812312126159668},"size":636.4898071289063,"orthographic":false}