{"cameraMode":{"drawMode":0,"name":"Shaded","section":"Shading Mode"},"sceneLighting":false,"audioPlay":false,"sceneViewState":{"showFog":true,"showMaterialUpdate":true,"showSkybox":false,"showFlares":true,"showImageEffects":true,"showParticleSystems":true},"in2DMode":false,"pivot":{"x":-2.189676523208618,"y":2.3200342655181886,"z":0.8888763785362244},"rotation":{"x":0.10881701856851578,"y":0.437113881111145,"z":-0.053372275084257129,"w":0.891202449798584},"size":19.231006622314454,"orthographic":true}