{"cameraMode":{"drawMode":0,"name":"Shaded","section":"Shading Mode"},"sceneLighting":false,"audioPlay":false,"sceneViewState":{"showFog":true,"showMaterialUpdate":true,"showSkybox":false,"showFlares":true,"showImageEffects":true,"showParticleSystems":true},"in2DMode":false,"pivot":{"x":0.0000209808349609375,"y":0.43659165501594546,"z":16.649999618530275},"rotation":{"x":-0.2997201383113861,"y":-0.6859982013702393,"z":0.3769928514957428,"w":-0.5453903675079346},"size":21.131336212158204,"orthographic":false}