{"cameraMode":{"drawMode":0,"name":"Shaded","section":"Shading Mode"},"sceneLighting":true,"audioPlay":false,"sceneViewState":{"showFog":true,"showMaterialUpdate":true,"showSkybox":true,"showFlares":true,"showImageEffects":true,"showParticleSystems":true},"in2DMode":false,"pivot":{"x":7.701223373413086,"y":5.144687652587891,"z":9.857810974121094},"rotation":{"x":0.23703309893608094,"y":-0.6513518691062927,"z":0.2255164086818695,"w":0.684615433216095},"size":3.6678848266601564,"orthographic":false}