{"cameraMode":{"drawMode":0,"name":"Shaded","section":"Shading Mode"},"sceneLighting":false,"audioPlay":false,"sceneViewState":{"showFog":true,"showMaterialUpdate":true,"showSkybox":false,"showFlares":true,"showImageEffects":true,"showParticleSystems":true},"in2DMode":false,"pivot":{"x":2.9802322387695315e-8,"y":0.6241840124130249,"z":-0.0175800621509552},"rotation":{"x":0.25572341680526736,"y":-0.374543696641922,"z":0.10826943069696427,"w":0.884647011756897},"size":2.403549909591675,"orthographic":true}