{"cameraMode":{"drawMode":0,"name":"Shaded","section":"Shading Mode"},"sceneLighting":false,"audioPlay":false,"sceneViewState":{"showFog":true,"showMaterialUpdate":false,"showSkybox":false,"showFlares":true,"showImageEffects":true,"showParticleSystems":true},"in2DMode":false,"pivot":{"x":-0.0024651288986206056,"y":0.36941951513290408,"z":0.006237581372261047},"rotation":{"x":0.04748945310711861,"y":-0.8006682991981506,"z":0.06403636932373047,"w":0.5937798023223877},"size":2.0363707542419435,"orthographic":false}