{"cameraMode":{"drawMode":0,"name":"Shaded","section":"Shading Mode"},"sceneLighting":false,"audioPlay":false,"sceneViewState":{"showFog":true,"showMaterialUpdate":false,"showSkybox":false,"showFlares":true,"showImageEffects":true,"showParticleSystems":true},"in2DMode":false,"pivot":{"x":-10.631538391113282,"y":-1.705169677734375,"z":21.45439338684082},"rotation":{"x":-0.2711847722530365,"y":-0.5744279026985169,"z":0.20955809950828553,"w":-0.7433551549911499},"size":56.38092803955078,"orthographic":false}