{"cameraMode":{"drawMode":0,"name":"Shaded","section":"Shading Mode"},"sceneLighting":false,"audioPlay":false,"sceneViewState":{"showFog":true,"showMaterialUpdate":false,"showSkybox":false,"showFlares":true,"showImageEffects":true,"showParticleSystems":true},"in2DMode":false,"pivot":{"x":-19.370773315429689,"y":6.755417346954346,"z":-5.29880428314209},"rotation":{"x":-0.42480015754699709,"y":0.2679607570171356,"z":-0.13322541117668153,"w":-0.8543962240219116},"size":9.176302909851075,"orthographic":false}