{"cameraMode":{"drawMode":0,"name":"Shaded","section":"Shading Mode"},"sceneLighting":false,"audioPlay":false,"sceneViewState":{"showFog":true,"showMaterialUpdate":false,"showSkybox":false,"showFlares":true,"showImageEffects":true,"showParticleSystems":true},"in2DMode":false,"pivot":{"x":0.0,"y":1.6800000667572022,"z":-8.789999961853028},"rotation":{"x":-0.18043413758277894,"y":0.7341213226318359,"z":-0.21413016319274903,"w":-0.6185932755470276},"size":13.873273849487305,"orthographic":false}