{"cameraMode":{"drawMode":0,"name":"Shaded","section":"Shading Mode"},"sceneLighting":false,"audioPlay":false,"sceneViewState":{"showFog":true,"showMaterialUpdate":false,"showSkybox":false,"showFlares":true,"showImageEffects":true,"showParticleSystems":true},"in2DMode":false,"pivot":{"x":2.7306149005889894,"y":3.94889497756958,"z":-2.085033893585205},"rotation":{"x":-0.045654360204935077,"y":-0.916339635848999,"z":0.10938405990600586,"w":-0.3824560046195984},"size":14.30016803741455,"orthographic":false}