{"cameraMode":{"drawMode":0,"name":"Shaded","section":"Shading Mode"},"sceneLighting":false,"audioPlay":false,"sceneViewState":{"showFog":true,"showMaterialUpdate":false,"showSkybox":false,"showFlares":true,"showImageEffects":true,"showParticleSystems":true},"in2DMode":false,"pivot":{"x":0.14847064018249513,"y":3.5331482887268068,"z":-2.9468002319335939},"rotation":{"x":0.2571384608745575,"y":-0.663864016532898,"z":0.2620041072368622,"w":0.6515507102012634},"size":49.19266891479492,"orthographic":false}