{"cameraMode":{"drawMode":0,"name":"Shaded","section":"Shading Mode"},"sceneLighting":false,"audioPlay":false,"sceneViewState":{"showFog":true,"showMaterialUpdate":false,"showSkybox":false,"showFlares":true,"showImageEffects":true,"showParticleSystems":true},"in2DMode":false,"pivot":{"x":-0.5786402225494385,"y":3.7004706859588625,"z":0.17895221710205079},"rotation":{"x":-0.0078330272808671,"y":-0.9619191288948059,"z":0.027719220146536828,"w":-0.2718125879764557},"size":16.136682510375978,"orthographic":false}