{"cameraMode":{"drawMode":0,"name":"Shaded","section":"Shading Mode"},"sceneLighting":false,"audioPlay":false,"sceneViewState":{"showFog":true,"showMaterialUpdate":false,"showSkybox":true,"showFlares":true,"showImageEffects":true,"showParticleSystems":true},"in2DMode":false,"pivot":{"x":-2.392489433288574,"y":0.36291956901550295,"z":-2.5132484436035158},"rotation":{"x":-0.19255299866199494,"y":0.021190721541643144,"z":-0.004159159958362579,"w":-0.9810490012168884},"size":64.6004867553711,"orthographic":false}