{"cameraMode":{"drawMode":0,"name":"Shaded","section":"Shading Mode"},"sceneLighting":false,"audioPlay":false,"sceneViewState":{"showFog":true,"showMaterialUpdate":false,"showSkybox":true,"showFlares":true,"showImageEffects":true,"showParticleSystems":true},"in2DMode":false,"pivot":{"x":626.3677978515625,"y":359.8377685546875,"z":-0.4631192684173584},"rotation":{"x":-0.019781013950705529,"y":-0.05187024176120758,"z":0.0010274510132148862,"w":-0.9984574317932129},"size":1024.5257568359375,"orthographic":false}